X,分級,rate,receiver,snipe_edge,dodge_edge
0.05,Low,0.00030000000000000003,0.00033157894736842114,-0.001668421052631579,-0.0017000000000000001
0.05,Mid,0.00030000000000000003,0.00033157894736842114,-0.007668421052631579,-0.0077
0.05,High,0.00030000000000000003,0.00033157894736842114,-0.019668421052631578,-0.0197
0.2,Low,0.0014,0.0021,9.999999999999983e-05,-0.0006000000000000001
0.2,Mid,0.0014,0.0021,-0.005900000000000001,-0.0066
0.2,High,0.0014,0.0021,-0.0179,-0.018600000000000002
0.5,Low,0.0037,0.0111,0.0091,0.0017000000000000001
0.5,Mid,0.0037,0.0111,0.0031000000000000003,-0.0043
0.5,High,0.0037,0.0111,-0.0089,-0.016300000000000002
0.8,Low,0.0059,0.05310000000000001,0.051100000000000007,0.0039
0.8,Mid,0.0059,0.05310000000000001,0.04510000000000001,-0.0021000000000000003
0.8,High,0.0059,0.05310000000000001,0.033100000000000004,-0.014100000000000001
0.95,Low,0.0071,0.07100000000000001,0.069,0.0051
0.95,Mid,0.0071,0.07100000000000001,0.063,-0.0008999999999999998
0.95,High,0.0071,0.07100000000000001,0.051000000000000004,-0.0129
