資產,鏈上,分級,L,情境,E,P>0,VaR95,ES95,VaR99,ES99,已實現 E,ESS
BTC,sBTC,High,1,current,0.0,0.0,0.0,0.0,0.0,0.0,0.0,38136.44785517817
BTC,sBTC,High,1,cron+bot,0.0,0.0,0.0,0.0,0.0,0.0,0.0,38052.38633831352
BTC,sBTC,High,1,improved,0.0,0.0,0.0,0.0,0.0,0.0,0.0,38132.47608310448
ETH,sETH,Low,5,current,1.6582932295624688e-05,0.015924466433373374,0.0,0.00033165864591250315,0.00016550181364785772,0.0016140288670511973,1.3584192885993594e-05,38119.37512105953
ETH,sETH,Low,5,cron+bot,1.2229803094046059e-05,0.010403886785559955,0.0,0.0002445960618809052,1.671749399361581e-05,0.0012226443363096678,1.2229803094046059e-05,38137.9308287083
ETH,sETH,Low,5,improved,1.1484781696749165e-05,0.00820458968956606,0.0,0.00022969563393809175,0.0,0.0011484781697571696,1.1483825408137644e-05,38085.408221936006
AAPL,sAAPL,Low,5,current,8.72648419623187e-06,0.001269505954367216,0.0,0.00017452968392464644,0.0,0.0008726484196234745,4.02086237297784e-06,34908.69099233618
AAPL,sAAPL,Low,5,cron+bot,8.922281745488075e-06,0.0012473277370070096,0.0,0.0001784456349097495,0.0,0.0008922281745486224,8.922281745488075e-06,34885.730033296015
AAPL,sAAPL,Low,5,improved,9.883863522378401e-06,0.0014204221072720057,0.0,0.00019767727044631362,0.0,0.0009883863522044923,9.865076310201523e-06,34211.075468057046
TSLA,sTSLA,High,1,current,2.558223575714179e-07,1.3511664424394399e-05,0.0,5.116447151427977e-06,0.0,2.558223575713876e-05,7.404254639704373e-08,35571.67494541029
TSLA,sTSLA,High,1,cron+bot,2.8001197526094037e-08,8.860538405737996e-06,0.0,5.600239505217972e-07,0.0,2.8001197526079983e-06,2.8001197526094037e-08,35532.142344557746
TSLA,sTSLA,High,1,improved,3.9866383174875836e-08,8.922141575572888e-06,0.0,7.973276634873012e-07,0.0,3.986638317217465e-06,3.9866383174875836e-08,35033.93901316715
