maxPriceAge_h,rho_h,mean,p_pos,p_pos_se,var95,es95,var99,es99,n,ess
1.0,0.0,1.0650450087777644e-05,0.010636017793250584,0.0014843881786463385,0.0,0.00021300900175554304,1.837595965172856e-05,0.0010642160334941658,5000,4775.734522901032
1.0,4.0,2.575597962616722e-05,0.023486638910364163,0.0021926397269035262,0.0,0.0005151195925233257,0.0003508943915252416,0.0024009228158628805,5000,4770.506629440099
2.0,0.0,1.0846969832541455e-05,0.009816529056260636,0.0014287147469349351,0.0,0.00021693939665082387,0.0,0.0010846969832540346,5000,4761.925250843673
2.0,4.0,1.733026212126256e-05,0.015399355498979639,0.00178231414242746,0.0,0.0003466052424252382,0.00014977831190711167,0.001694560914406118,5000,4773.029892597763
3.0,0.0,1.1416264661752086e-05,0.010913974570471104,0.0015010245371526326,0.0,0.0002283252932350348,1.7305548130443677e-05,0.00114091479126359,5000,4791.168227027024
3.0,4.0,1.3090973100492179e-05,0.011744465153286292,0.0015607465805928182,0.0,0.00026181946200983034,5.03424870014905e-05,0.0013049818065730483,5000,4764.723625569496
6.0,0.0,1.2314563897947428e-05,0.010908436193807332,0.0015036970119319992,0.0,0.00024629127795894773,2.4393955061274842e-05,0.0012300767004710365,5000,4771.757007090296
6.0,4.0,2.0354421668203157e-05,0.015274152056845167,0.0017756359082581566,0.0,0.0004070884333640585,0.00013731456160278598,0.0020021870490827542,5000,4770.507790638701
24.0,0.0,1.3412907598518909e-05,0.01103591918093513,0.0015137629313269887,0.0,0.00026825815197038723,5.542590245610768e-06,0.0013410948375698474,5000,4762.920114350262
24.0,4.0,1.543430069055283e-05,0.01841955986822375,0.0019451779064830533,0.0,0.0003086860138110732,0.00021411576781398266,0.0014709182519740637,5000,4778.443858936541
