跳幅,λ,L,Δ_h,mean,p_pos,p_pos_se,var95,es95,var99,es99,n,ess
無跳躍,0.0,2,0.016666666666666666,0.0,0.0,0.0,0.0,0.0,0.0,0.0,3000,3000.0000000000005
無跳躍,0.0,2,0.25,0.0,0.0,0.0,0.0,0.0,0.0,0.0,3000,3000.0000000000005
無跳躍,0.0,2,1.0,0.0,0.0,0.0,0.0,0.0,0.0,0.0,3000,3000.0000000000005
無跳躍,0.0,2,1.5,0.0,0.0,0.0,0.0,0.0,0.0,0.0,3000,3000.0000000000005
無跳躍,0.0,2,3.0,0.0,0.0,0.0,0.0,0.0,0.0,0.0,3000,3000.0000000000005
無跳躍,0.0,2,6.0,0.0,0.0,0.0,0.0,0.0,0.0,0.0,3000,3000.0000000000005
無跳躍,0.0,3,0.016666666666666666,0.0,0.0,0.0,0.0,0.0,0.0,0.0,3000,3000.0000000000005
無跳躍,0.0,3,0.25,0.0,0.0,0.0,0.0,0.0,0.0,0.0,3000,3000.0000000000005
無跳躍,0.0,3,1.0,0.0,0.0,0.0,0.0,0.0,0.0,0.0,3000,3000.0000000000005
無跳躍,0.0,3,1.5,0.0,0.0,0.0,0.0,0.0,0.0,0.0,3000,3000.0000000000005
無跳躍,0.0,3,3.0,0.0,0.0,0.0,0.0,0.0,0.0,0.0,3000,3000.0000000000005
無跳躍,0.0,3,6.0,0.0,0.0,0.0,0.0,0.0,0.0,0.0,3000,3000.0000000000005
無跳躍,0.0,5,0.016666666666666666,0.0,0.0,0.0,0.0,0.0,0.0,0.0,3000,3000.0000000000005
無跳躍,0.0,5,0.25,0.0,0.0,0.0,0.0,0.0,0.0,0.0,3000,3000.0000000000005
無跳躍,0.0,5,1.0,0.0,0.0,0.0,0.0,0.0,0.0,0.0,3000,3000.0000000000005
無跳躍,0.0,5,1.5,0.0,0.0,0.0,0.0,0.0,0.0,0.0,3000,3000.0000000000005
無跳躍,0.0,5,3.0,0.0,0.0,0.0,0.0,0.0,0.0,0.0,3000,3000.0000000000005
無跳躍,0.0,5,6.0,0.0,0.0,0.0,0.0,0.0,0.0,0.0,3000,3000.0000000000005
"對稱小跳 N(0, 3%²)",12.0,2,0.016666666666666666,0.0,0.0,0.0,0.0,0.0,0.0,0.0,3000,1873.9750210069553
"對稱小跳 N(0, 3%²)",12.0,2,0.25,0.0,0.0,0.0,0.0,0.0,0.0,0.0,3000,1873.9750210069553
"對稱小跳 N(0, 3%²)",12.0,2,1.0,0.0,0.0,0.0,0.0,0.0,0.0,0.0,3000,1873.9750210069553
"對稱小跳 N(0, 3%²)",12.0,2,1.5,0.0,0.0,0.0,0.0,0.0,0.0,0.0,3000,1873.9750210069553
"對稱小跳 N(0, 3%²)",12.0,2,3.0,0.0,0.0,0.0,0.0,0.0,0.0,0.0,3000,1873.9750210069553
"對稱小跳 N(0, 3%²)",12.0,2,6.0,0.0,0.0,0.0,0.0,0.0,0.0,0.0,3000,1873.9750210069553
"對稱小跳 N(0, 3%²)",12.0,3,0.016666666666666666,0.0,0.0,0.0,0.0,0.0,0.0,0.0,3000,1817.9139557316087
"對稱小跳 N(0, 3%²)",12.0,3,0.25,0.0,0.0,0.0,0.0,0.0,0.0,0.0,3000,1817.9139557316087
"對稱小跳 N(0, 3%²)",12.0,3,1.0,0.0,0.0,0.0,0.0,0.0,0.0,0.0,3000,1817.9139557316087
"對稱小跳 N(0, 3%²)",12.0,3,1.5,0.0,0.0,0.0,0.0,0.0,0.0,0.0,3000,1817.9139557316087
"對稱小跳 N(0, 3%²)",12.0,3,3.0,0.0,0.0,0.0,0.0,0.0,0.0,0.0,3000,1817.9139557316087
"對稱小跳 N(0, 3%²)",12.0,3,6.0,0.0,0.0,0.0,0.0,0.0,0.0,0.0,3000,1817.9139557316087
"對稱小跳 N(0, 3%²)",12.0,5,0.016666666666666666,1.2955658192762277e-07,0.0002743096220067993,0.00038807377493686236,0.0,2.591131638550797e-06,0.0,1.295565819271769e-05,3000,1820.930221422438
"對稱小跳 N(0, 3%²)",12.0,5,0.25,1.361453897554238e-07,0.00030832696838558563,0.00041142638689091373,0.0,2.7229077951067336e-06,0.0,1.3614538975495528e-05,3000,1820.930221422438
"對稱小跳 N(0, 3%²)",12.0,5,1.0,1.6554731559714512e-07,0.0002743096220067993,0.00038807377493686236,0.0,3.3109463119407837e-06,0.0,1.6554731559657542e-05,3000,1820.930221422438
"對稱小跳 N(0, 3%²)",12.0,5,1.5,1.7093510510474343e-07,0.0003424667772113356,0.0004335989212621432,0.0,3.4187021020926813e-06,0.0,1.7093510510415514e-05,3000,1820.930221422438
"對稱小跳 N(0, 3%²)",12.0,5,3.0,1.942923871303185e-07,0.00041458355153436256,0.0004770559727039051,0.0,3.885847742603887e-06,0.0,1.9429238712964932e-05,3000,1820.930221422438
"對稱小跳 N(0, 3%²)",12.0,5,6.0,2.29159813580015e-07,0.0004847817475216261,0.0005158473258287,0.0,4.5831962715973574e-06,0.0,2.291598135792241e-05,3000,1820.930221422438
"對稱小跳 N(0, 3%²)",52.0,2,0.016666666666666666,0.0,0.0,0.0,0.0,0.0,0.0,0.0,3000,2253.4958790240853
"對稱小跳 N(0, 3%²)",52.0,2,0.25,0.0,0.0,0.0,0.0,0.0,0.0,0.0,3000,2253.4958790240853
"對稱小跳 N(0, 3%²)",52.0,2,1.0,0.0,0.0,0.0,0.0,0.0,0.0,0.0,3000,2253.4958790240853
"對稱小跳 N(0, 3%²)",52.0,2,1.5,0.0,0.0,0.0,0.0,0.0,0.0,0.0,3000,2253.4958790240853
"對稱小跳 N(0, 3%²)",52.0,2,3.0,0.0,0.0,0.0,0.0,0.0,0.0,0.0,3000,2253.4958790240853
"對稱小跳 N(0, 3%²)",52.0,2,6.0,0.0,0.0,0.0,0.0,0.0,0.0,0.0,3000,2253.4958790240853
"對稱小跳 N(0, 3%²)",52.0,3,0.016666666666666666,0.0,0.0,0.0,0.0,0.0,0.0,0.0,3000,2237.971897200723
"對稱小跳 N(0, 3%²)",52.0,3,0.25,0.0,0.0,0.0,0.0,0.0,0.0,0.0,3000,2237.971897200723
"對稱小跳 N(0, 3%²)",52.0,3,1.0,0.0,0.0,0.0,0.0,0.0,0.0,0.0,3000,2237.971897200723
"對稱小跳 N(0, 3%²)",52.0,3,1.5,0.0,0.0,0.0,0.0,0.0,0.0,0.0,3000,2237.971897200723
"對稱小跳 N(0, 3%²)",52.0,3,3.0,0.0,0.0,0.0,0.0,0.0,0.0,0.0,3000,2237.971897200723
"對稱小跳 N(0, 3%²)",52.0,3,6.0,0.0,0.0,0.0,0.0,0.0,0.0,0.0,3000,2237.971897200723
"對稱小跳 N(0, 3%²)",52.0,5,0.016666666666666666,4.990444032944221e-07,0.0015469061129034362,0.000834288424015208,0.0,9.980888065891483e-06,0.0,4.9904440329526444e-05,3000,2219.009632080526
"對稱小跳 N(0, 3%²)",52.0,5,0.25,5.968547979286221e-07,0.0018836245638732642,0.000920466886230141,0.0,1.193709595857607e-05,0.0,5.9685479792962964e-05,3000,2219.009632080526
"對稱小跳 N(0, 3%²)",52.0,5,1.0,7.620010352526987e-07,0.0018585879933188528,0.0009143406057390916,0.0,1.5240020705058537e-05,0.0,7.62001035253972e-05,3000,2219.009632080526
"對稱小跳 N(0, 3%²)",52.0,5,1.5,8.551595262393864e-07,0.002412932019107796,0.0010415217767099077,0.0,1.7103190524792932e-05,0.0,8.55159526240831e-05,3000,2219.009632080526
"對稱小跳 N(0, 3%²)",52.0,5,3.0,1.073853220249758e-06,0.0027246138995232136,0.0011065739452864474,0.0,2.147706440500164e-05,0.0,0.00010738532202515653,3000,2219.009632080526
"對稱小跳 N(0, 3%²)",52.0,5,6.0,1.3748500284295765e-06,0.002830687758985633,0.0011278486968165828,0.0,2.7497000568599575e-05,0.0,0.00013748500284318515,3000,2219.009632080526
"對稱小跳 N(0, 3%²)",250.0,2,0.016666666666666666,0.0,0.0,0.0,0.0,0.0,0.0,0.0,3000,3000.0000000000005
"對稱小跳 N(0, 3%²)",250.0,2,0.25,0.0,0.0,0.0,0.0,0.0,0.0,0.0,3000,3000.0000000000005
"對稱小跳 N(0, 3%²)",250.0,2,1.0,0.0,0.0,0.0,0.0,0.0,0.0,0.0,3000,3000.0000000000005
"對稱小跳 N(0, 3%²)",250.0,2,1.5,0.0,0.0,0.0,0.0,0.0,0.0,0.0,3000,3000.0000000000005
"對稱小跳 N(0, 3%²)",250.0,2,3.0,0.0,0.0,0.0,0.0,0.0,0.0,0.0,3000,3000.0000000000005
"對稱小跳 N(0, 3%²)",250.0,2,6.0,0.0,0.0,0.0,0.0,0.0,0.0,0.0,3000,3000.0000000000005
"對稱小跳 N(0, 3%²)",250.0,3,0.016666666666666666,2.2005437582033143e-07,0.0003333333333333333,0.00033327777314737635,0.0,4.4010875164099836e-06,0.0,2.2005437582126797e-05,3000,3000.0000000000005
"對稱小跳 N(0, 3%²)",250.0,3,0.25,2.270732504001246e-07,0.0003333333333333333,0.00033327777314737635,0.0,4.5414650080059535e-06,0.0,2.2707325040109097e-05,3000,3000.0000000000005
"對稱小跳 N(0, 3%²)",250.0,3,1.0,3.476214966946963e-07,0.0006666666666666666,0.00047124735975289457,0.0,6.952429933899225e-06,0.0,3.476214966961758e-05,3000,3000.0000000000005
"對稱小跳 N(0, 3%²)",250.0,3,1.5,3.4899755382373036e-07,0.0006666666666666666,0.00047124735975289457,0.0,6.979951076479927e-06,0.0,3.489975538252157e-05,3000,3000.0000000000005
"對稱小跳 N(0, 3%²)",250.0,3,3.0,4.3803819326092377e-07,0.001,0.0005770615218501403,0.0,8.760763865225153e-06,0.0,4.380381932627881e-05,3000,3000.0000000000005
"對稱小跳 N(0, 3%²)",250.0,3,6.0,2.791443359611549e-07,0.0016666666666666666,0.0007447346034861207,0.0,5.582886719227353e-06,0.0,2.7914433596234293e-05,3000,3000.0000000000005
"對稱小跳 N(0, 3%²)",250.0,5,0.016666666666666666,4.999397047287709e-06,0.012999999999999998,0.0020680909070928187,0.0,9.99879409458304e-05,7.737404727962139e-05,0.00048982055322307,3000,3000.0000000000005
"對稱小跳 N(0, 3%²)",250.0,5,0.25,5.871053418810623e-06,0.013333333333333332,0.0020940833758915102,0.0,0.00011742106837630198,7.789914392110353e-05,0.0005765441255651861,3000,3000.0000000000005
"對稱小跳 N(0, 3%²)",250.0,5,1.0,5.730887754562454e-06,0.014666666666666665,0.0021948086898828296,0.0,0.00011461775509133647,0.00013223313668591087,0.000542463985625054,3000,3000.0000000000005
"對稱小跳 N(0, 3%²)",250.0,5,1.5,7.265704484469876e-06,0.014666666666666665,0.0021948086898828296,0.0,0.00014531408968950827,0.0001663242056937131,0.0006875676706073347,3000,3000.0000000000005
"對稱小跳 N(0, 3%²)",250.0,5,3.0,9.960746903804973e-06,0.01533333333333333,0.002243377083938574,0.0,0.00019921493807625127,0.0002101984237019794,0.0009430432011772864,3000,3000.0000000000005
"對稱小跳 N(0, 3%²)",250.0,5,6.0,1.5488575244008275e-05,0.01800000000000001,0.002427344227751804,0.0,0.00030977150488040156,0.00039943733301819884,0.001405734319456141,3000,3000.0000000000005
"崩跌 N(−8%, 4%²)",12.0,2,0.016666666666666666,0.0,0.0,0.0,0.0,0.0,0.0,0.0,3000,1886.1198473787413
"崩跌 N(−8%, 4%²)",12.0,2,0.25,0.0,0.0,0.0,0.0,0.0,0.0,0.0,3000,1886.1198473787413
"崩跌 N(−8%, 4%²)",12.0,2,1.0,0.0,0.0,0.0,0.0,0.0,0.0,0.0,3000,1886.1198473787413
"崩跌 N(−8%, 4%²)",12.0,2,1.5,0.0,0.0,0.0,0.0,0.0,0.0,0.0,3000,1886.1198473787413
"崩跌 N(−8%, 4%²)",12.0,2,3.0,0.0,0.0,0.0,0.0,0.0,0.0,0.0,3000,1886.1198473787413
"崩跌 N(−8%, 4%²)",12.0,2,6.0,0.0,0.0,0.0,0.0,0.0,0.0,0.0,3000,1886.1198473787413
"崩跌 N(−8%, 4%²)",12.0,3,0.016666666666666666,5.4264026444886505e-09,1.4431367178337885e-05,8.762499302324324e-05,0.0,1.0852805288985288e-07,0.0,5.426402644509797e-07,3000,1879.512490957424
"崩跌 N(−8%, 4%²)",12.0,3,0.25,5.6359016182457755e-09,1.2465465835997504e-05,8.143834538964503e-05,0.0,1.1271803236499861e-07,0.0,5.635901618267777e-07,3000,1879.512490957424
"崩跌 N(−8%, 4%²)",12.0,3,1.0,6.024513793433823e-09,1.2465465835997504e-05,8.143834538964503e-05,0.0,1.2049027586876528e-07,0.0,6.024513793457342e-07,3000,1879.512490957424
"崩跌 N(−8%, 4%²)",12.0,3,1.5,6.944628612661176e-09,1.2465465835997504e-05,8.143834538964503e-05,0.0,1.3889257225332594e-07,0.0,6.944628612688287e-07,3000,1879.512490957424
"崩跌 N(−8%, 4%²)",12.0,3,3.0,7.352871763056202e-09,1.2465465835997504e-05,8.143834538964503e-05,0.0,1.4705743526123246e-07,0.0,7.352871763084906e-07,3000,1879.512490957424
"崩跌 N(−8%, 4%²)",12.0,3,6.0,7.284101456735607e-09,1.2583846085435906e-05,8.18241228037477e-05,0.0,1.4568202913481969e-07,0.0,7.284101456764082e-07,3000,1879.512490957424
"崩跌 N(−8%, 4%²)",12.0,5,0.016666666666666666,7.983661244512282e-06,0.007085727122449815,0.001955843611642284,0.0,0.00015967322489013862,0.0,0.0007983661244483327,3000,1839.1956249175278
"崩跌 N(−8%, 4%²)",12.0,5,0.25,8.201944101466221e-06,0.007222629469274277,0.0019745113740726556,0.0,0.0001640388820292151,0.0,0.0008201944101436602,3000,1839.1956249175278
"崩跌 N(−8%, 4%²)",12.0,5,1.0,8.445545542678182e-06,0.0072686976008534965,0.001980752424185305,0.0,0.00016891091085345083,0.0,0.0008445545542647718,3000,1839.1956249175278
"崩跌 N(−8%, 4%²)",12.0,5,1.5,8.609752880631487e-06,0.007203453168503412,0.0019719074822862944,0.0,0.00017219505761251455,0.0,0.0008609752880600345,3000,1839.1956249175278
"崩跌 N(−8%, 4%²)",12.0,5,3.0,8.886653414312984e-06,0.007417849601508397,0.00200082119715232,0.0,0.00017773306828614073,0.0,0.0008886653414280946,3000,1839.1956249175278
"崩跌 N(−8%, 4%²)",12.0,5,6.0,9.442518848496475e-06,0.008858084570366851,0.002184861289021753,0.0,0.00018885037696980458,0.0,0.0009442518848462777,3000,1839.1956249175278
"崩跌 N(−8%, 4%²)",52.0,2,0.016666666666666666,0.0,0.0,0.0,0.0,0.0,0.0,0.0,3000,2245.6530982917657
"崩跌 N(−8%, 4%²)",52.0,2,0.25,0.0,0.0,0.0,0.0,0.0,0.0,0.0,3000,2245.6530982917657
"崩跌 N(−8%, 4%²)",52.0,2,1.0,8.562423425990007e-09,8.63643598826891e-06,6.20146175256377e-05,0.0,1.7124846851979779e-07,0.0,8.562423425990095e-07,3000,2245.6530982917657
"崩跌 N(−8%, 4%²)",52.0,2,1.5,8.353025435211074e-09,8.63643598826891e-06,6.20146175256377e-05,0.0,1.670605087042192e-07,0.0,8.35302543521116e-07,3000,2245.6530982917657
"崩跌 N(−8%, 4%²)",52.0,2,3.0,8.569647352777614e-09,8.63643598826891e-06,6.20146175256377e-05,0.0,1.7139294705554993e-07,0.0,8.569647352777703e-07,3000,2245.6530982917657
"崩跌 N(−8%, 4%²)",52.0,2,6.0,8.569647352777614e-09,8.63643598826891e-06,6.20146175256377e-05,0.0,1.7139294705554993e-07,0.0,8.569647352777703e-07,3000,2245.6530982917657
"崩跌 N(−8%, 4%²)",52.0,3,0.016666666666666666,8.291650000507552e-07,0.0013500304013968289,0.000781273546710836,0.0,1.658330000100256e-05,0.0,8.291650000474657e-05,3000,2208.770545394318
"崩跌 N(−8%, 4%²)",52.0,3,0.25,8.463231058805726e-07,0.0014524018375404162,0.0008103123898813819,0.0,1.692646211759864e-05,0.0,8.463231058772111e-05,3000,2208.770545394318
"崩跌 N(−8%, 4%²)",52.0,3,1.0,9.852880552086563e-07,0.0015547732736840034,0.0008383403212532845,0.0,1.9705761104158212e-05,0.0,9.852880552047383e-05,3000,2208.770545394318
"崩跌 N(−8%, 4%²)",52.0,3,1.5,1.0367688227022858e-06,0.0014612740286728606,0.0008127799617774215,0.0,2.0735376454030015e-05,0.0,0.00010367688226981667,3000,2208.770545394318
"崩跌 N(−8%, 4%²)",52.0,3,3.0,1.1815046155373723e-06,0.0017467590900825157,0.0008885084640371712,0.0,2.3630092310729538e-05,0.0,0.00011815046155326731,3000,2208.770545394318
"崩跌 N(−8%, 4%²)",52.0,3,6.0,1.2168545002772892e-06,0.0017654452895599251,0.0008932399328936894,0.0,2.4337090005527334e-05,0.0,0.00012168545002724438,3000,2208.770545394318
"崩跌 N(−8%, 4%²)",52.0,5,0.016666666666666666,5.116683679545067e-05,0.03632151028563614,0.003990869368812258,0.0,0.0010233367359084515,0.0015458061352563556,0.0037309366436444617,3000,2197.6627088677324
"崩跌 N(−8%, 4%²)",52.0,5,0.25,5.420248904820321e-05,0.03689958207460497,0.004021295518634347,0.0,0.0010840497809634741,0.001685745301581895,0.00392844405505207,3000,2197.6627088677324
"崩跌 N(−8%, 4%²)",52.0,5,1.0,5.6750975797113275e-05,0.038362104943648306,0.004097099203066209,0.0,0.0011350195159416426,0.0017574130553538489,0.004073659187249981,3000,2197.6627088677324
"崩跌 N(−8%, 4%²)",52.0,5,1.5,5.663193466551956e-05,0.03904578132245387,0.004131976931661014,0.0,0.0011326386933097636,0.0017574130553538489,0.004083356922544158,3000,2197.6627088677324
"崩跌 N(−8%, 4%²)",52.0,5,3.0,6.190169379350464e-05,0.0400665789923889,0.0041834171071102825,0.0,0.0012380338758694116,0.0017961252023482865,0.004526973048861563,3000,2197.6627088677324
"崩跌 N(−8%, 4%²)",52.0,5,6.0,6.836352425612459e-05,0.0418534978824579,0.0042717056549417135,0.0,0.0013672704851217254,0.0019183897848450123,0.00492428815433412,3000,2197.6627088677324
"崩跌 N(−8%, 4%²)",250.0,2,0.016666666666666666,0.0,0.0,0.0,0.0,0.0,0.0,0.0,3000,3000.0000000000005
"崩跌 N(−8%, 4%²)",250.0,2,0.25,0.0,0.0,0.0,0.0,0.0,0.0,0.0,3000,3000.0000000000005
"崩跌 N(−8%, 4%²)",250.0,2,1.0,0.0,0.0,0.0,0.0,0.0,0.0,0.0,3000,3000.0000000000005
"崩跌 N(−8%, 4%²)",250.0,2,1.5,4.1556549447892735e-09,0.0003333333333333333,0.00033327777314737635,0.0,8.311309889584883e-08,0.0,4.1556549448069604e-07,3000,3000.0000000000005
"崩跌 N(−8%, 4%²)",250.0,2,3.0,4.0912832386945837e-07,0.0003333333333333333,0.00033327777314737635,0.0,8.182566477395403e-06,0.0,4.0912832387119956e-05,3000,3000.0000000000005
"崩跌 N(−8%, 4%²)",250.0,2,6.0,1.1125229456675565e-06,0.004,0.0011523888232710345,0.0,2.225045891336809e-05,0.0,0.00011125229456722913,3000,3000.0000000000005
"崩跌 N(−8%, 4%²)",250.0,3,0.016666666666666666,3.630177773650342e-05,0.06266666666666668,0.004424912637764937,0.00010626085560123122,0.000712673131124135,0.0009811365401984518,0.0018403347340995853,3000,3000.0000000000005
"崩跌 N(−8%, 4%²)",250.0,3,0.25,3.844759780421469e-05,0.06433333333333335,0.004479380744238187,0.00013319777455881034,0.0007525444401717745,0.0010062933740545982,0.0019892658242754557,3000,3000.0000000000005
"崩跌 N(−8%, 4%²)",250.0,3,1.0,4.4441113725612156e-05,0.066,0.004532990183091068,0.000154053864793155,0.0008672475107861694,0.0011160343773750636,0.0023420735949055247,3000,3000.0000000000005
"崩跌 N(−8%, 4%²)",250.0,3,1.5,4.675888666610588e-05,0.06633333333333333,0.004543611713979024,0.00016220144611863165,0.0009083735231424812,0.0011571969924316083,0.0024083154913921013,3000,3000.0000000000005
"崩跌 N(−8%, 4%²)",250.0,3,3.0,5.602036286192933e-05,0.06633333333333333,0.004543611713979024,0.0001693889473301291,0.0010933148295923728,0.001356637331077773,0.0031226518539815753,3000,3000.0000000000005
"崩跌 N(−8%, 4%²)",250.0,3,6.0,6.621276190529006e-05,0.07066666666666667,0.0046787779347777295,0.00024108924198208982,0.001281363970666119,0.001641490783419872,0.0036547859000082557,3000,3000.0000000000005
"崩跌 N(−8%, 4%²)",250.0,5,0.016666666666666666,0.00019638830751312228,0.15966666666666665,0.0066876309263750044,0.0011686908658965684,0.002983056930068068,0.004301534193371193,0.0062165873343556785,3000,3000.0000000000005
"崩跌 N(−8%, 4%²)",250.0,5,0.25,0.0002057111409966761,0.16066666666666668,0.0067045479312898455,0.001222254146651211,0.0031292945272320327,0.004369299333708602,0.0065681995270046945,3000,3000.0000000000005
"崩跌 N(−8%, 4%²)",250.0,5,1.0,0.00021815200977248707,0.15933333333333333,0.006681971321454525,0.001280338313189472,0.003316242580065988,0.004392030290734813,0.007010569419516688,3000,3000.0000000000005
"崩跌 N(−8%, 4%²)",250.0,5,1.5,0.00023358723407312568,0.159,0.006676301371268375,0.0013376465683361068,0.0035844014703561924,0.004444576667244832,0.008418506294747845,3000,3000.0000000000005
"崩跌 N(−8%, 4%²)",250.0,5,3.0,0.0002666533863026182,0.16266666666666668,0.006738106119235142,0.0014235009767584045,0.004186082816300803,0.0059605053467184504,0.0104156215329535,3000,3000.0000000000005
"崩跌 N(−8%, 4%²)",250.0,5,6.0,0.0003469529112396354,0.16766666666666669,0.006820424120623672,0.0016627372531926089,0.005695152336925517,0.008095763430636657,0.014377700948462259,3000,3000.0000000000005
