push_h,rho_h,mean,p_pos,p_pos_se,var95,es95,var99,es99,n,ess
0.016666666666666666,0.0,9.719949945048468e-06,0.006848273989662072,0.0011927130610728102,0.0,0.00019439899890118305,0.0,0.0009719949945105242,5000,4781.066440885853
0.25,0.0,1.0039784482096472e-05,0.007697363524581141,0.0012639522923797563,0.0,0.0002007956896421503,0.0,0.0010039784482155166,5000,4781.066440885853
1.0,0.0,1.0481069434901029e-05,0.007477229200713235,0.0012458856876710342,0.0,0.00020962138869825103,0.0,0.0010481069434962252,5000,4781.066440885853
1.5,0.0,1.0793597298166839e-05,0.0085045227120968,0.0013280302022061897,0.0,0.00021587194596357382,0.0,0.0010793597298229829,5000,4781.066440885853
3.0,0.0,1.1928199116023936e-05,0.010622005255969045,0.0014825931522457218,0.0,0.00023856398232074098,3.3214941863960824e-05,0.0011914206786753936,5000,4781.066440885853
0.016666666666666666,0.25,1.0347302412976308e-05,0.0076868809377302885,0.0012630980195717067,0.0,0.00020694604825975362,0.0,0.0010347302413036747,5000,4781.066440885853
0.25,0.25,1.0062715414007027e-05,0.007896532674747343,0.001280071748269599,0.0,0.00020125430828036176,0.0,0.0010062715414065806,5000,4781.066440885853
1.0,0.25,1.049257348812816e-05,0.0076868809377302885,0.0012630980195717067,0.0,0.00020985146976279392,0.0,0.001049257348818945,5000,4781.066440885853
1.5,0.25,1.0811015612801185e-05,0.008515005298947652,0.0013288413836665966,0.0,0.00021622031225626114,0.0,0.0010811015612864306,5000,4781.066440885853
3.0,0.25,1.1928199116023936e-05,0.010622005255969045,0.0014825931522457218,0.0,0.00023856398232074098,3.3214941863960824e-05,0.0011914206786753936,5000,4781.066440885853
0.016666666666666666,1.0,1.212998710852972e-05,0.009772915721049977,0.0014227123048528713,0.0,0.00024259974217086098,0.0,0.001212998710860054,5000,4781.066440885853
0.25,1.0,1.1173258191138496e-05,0.009584229157734627,0.001409045374635382,0.0,0.0002234651638230157,0.0,0.0011173258191203813,5000,4781.066440885853
1.0,1.0,1.1266355552469486e-05,0.00896575653353432,0.0013632497028824493,0.0,0.00022532711104963706,0.0,0.0011266355552535252,5000,4781.066440885853
1.5,1.0,1.1629024324651248e-05,0.00893430877298176,0.0013608783668198436,0.0,0.0002325804864932804,0.0,0.0011629024324719143,5000,4781.066440885853
3.0,1.0,1.1879226839489481e-05,0.011041308730003155,0.0015112522589388335,0.0,0.0002375845367900508,4.600632202148384e-05,0.0011855572914402253,5000,4781.066440885853
0.016666666666666666,4.0,1.4610769905874264e-05,0.014626353432994777,0.001736225433590159,0.0,0.00029221539811780605,9.249621631681378e-05,0.0014392486545932864,5000,4781.066440885853
0.25,4.0,1.58231145675817e-05,0.015894746441947955,0.0018087776697325334,0.0,0.0003164622913519822,0.00020317037562298153,0.001522563559124515,5000,4781.066440885853
1.0,4.0,1.5140963484844229e-05,0.014584423085591366,0.0017337718577161963,0.0,0.0003028192696972169,0.0001517639288707684,0.0014895523134410222,5000,4781.066440885853
1.5,4.0,1.5507360929048143e-05,0.013536164400506097,0.0016711906795744652,0.0,0.00031014721858130327,0.00010681296203437125,0.0015326771406210084,5000,4781.066440885853
3.0,4.0,1.456806779393498e-05,0.0158842638550971,0.0018081907570882706,0.0,0.00029136135587902,0.00015253433263934986,0.0014125417158639584,5000,4781.066440885853
0.016666666666666666,12.0,2.1425252979920885e-05,0.025297626847162833,0.0022709810659375393,0.0,0.0004285050595988884,0.0004537545832027738,0.0018808849450264247,5000,4781.066440885853
0.25,12.0,2.2785419788561286e-05,0.026775671593133064,0.002334609644206498,0.0,0.0004557083957717266,0.0004614019107020454,0.0019997591569737953,5000,4781.066440885853
1.0,12.0,2.212261409748312e-05,0.025895134297661437,0.0022969394704116033,0.0,0.0004424522819501478,0.0003464917712444208,0.0019654768497503585,5000,4781.066440885853
1.5,12.0,2.0534301664710976e-05,0.024081646772463917,0.0022171110383872213,0.0,0.0004106860332946717,0.00031644298417966566,0.0018574670396230987,5000,4781.066440885853
3.0,12.0,2.1770690591171898e-05,0.026765189006282213,0.0023341651740235382,0.0,0.0004354138118239163,0.0004202481941444347,0.0019043200235231697,5000,4781.066440885853
