asset,tier,L,m,infra,mean_loss,p_loss,var95,es95,var99,es99,mean_income,annual_ruin,annual_ruin_se,annual_ruin_single_day_approx,min_vault_ruin,min_vault_es,min_vault,feasible,n_days,ess,max_loss,adl_share,push_h,rho_h
ETH,Low,5,0.05,push0.0167h_rho0h,1.2191261560405935e-05,0.006700713439951122,0.0,0.0002438252312085382,0.0,0.0012191261560523632,0.00029013310634559003,2e-05,1.999979999899999e-05,0.0,0.03572485112531716,0.012191261560523631,0.03572485112531716,True,8000,7606.263196546597,0.0494758990481186,0.97706737054212,0.016666666666666666,0.0
ETH,Low,5,0.05,push0.0167h_rho0.25h,1.2617475878077173e-05,0.007478448339783152,0.0,0.0002523495175619774,0.0,0.0012617475878198942,0.0002576233521379504,6e-05,3.4639976905304086e-05,0.0,0.03647201967076677,0.012617475878198942,0.03647201967076677,True,8000,7606.263196546597,0.04970298618199375,0.9769283278840947,0.016666666666666666,0.25
ETH,Low,5,0.05,push0.0167h_rho1h,1.4467561286442978e-05,0.009356875852089323,0.0,0.00028935122572935624,0.0,0.0014467561286582358,0.00021876166603696184,0.00012,4.89868553797853e-05,7.908881769003173e-05,0.038655142598695666,0.014467561286582357,0.038655142598695666,True,8000,7606.263196546597,0.05238138974171347,0.9779264385670092,0.016666666666666666,1.0
ETH,Low,5,0.05,push0.0167h_rho4h,1.764673112469681e-05,0.014412152700997513,0.0,0.00035293462249454176,0.0001620481992146002,0.0017386878194612903,0.00015247699240044315,0.00024,6.927371795998825e-05,0.00012653902897152847,0.04212063652239703,0.017386878194612904,0.04212063652239703,True,8000,7606.263196546597,0.06391237456070503,0.9881474069696977,0.016666666666666666,4.0
ETH,Low,5,0.05,push0.25h_rho0h,1.2630383887446241e-05,0.007913452605790896,0.0,0.00025260767774935855,0.0,0.001263038388756801,0.00026424352636526214,6e-05,3.4639976905304086e-05,0.0,0.036834489688173946,0.012630383887568009,0.036834489688173946,True,8000,7606.263196546597,0.04971970475309485,0.9767556024967409,0.25,0.0
ETH,Low,5,0.05,push0.25h_rho0.25h,1.304405367015935e-05,0.007920043579518286,0.0,0.000260881073403635,0.0,0.001304405367028506,0.00025246691777263547,8e-05,3.999839996799872e-05,1.9113644290857934e-05,0.037933361007258415,0.013044053670285058,0.037933361007258415,True,8000,7606.263196546597,0.06366360099676574,0.9762040257654737,0.25,0.25
ETH,Low,5,0.05,push0.25h_rho1h,1.5221167832561475e-05,0.0097721071969149,0.0,0.0003044233566517506,0.0,0.0015221167832707768,0.00021800458469918712,8e-05,3.999839996799872e-05,2.2409063278772123e-05,0.03894384634670312,0.015221167832707768,0.03894384634670312,True,8000,7606.263196546597,0.06366360099676574,0.9784593445396045,0.25,1.0
ETH,Low,5,0.05,push0.25h_rho4h,2.1243988621734844e-05,0.014847156967005257,0.0,0.00042487977243542354,0.00017958570676168684,0.002086999504931423,0.00015227896470518064,0.00028,7.482267036132832e-05,0.00019639224795475752,0.04419500376179835,0.02086999504931423,0.04419500376179835,True,8000,7606.263196546597,0.06452587266073033,0.9806492528540728,0.25,4.0
ETH,Low,5,0.05,push1h_rho0h,1.3935655955110123e-05,0.009521650195274078,0.0,0.00027871311910268056,0.0,0.0013935655955244254,0.00022846049963351354,6e-05,3.4639976905304086e-05,2.1090896986875052e-05,0.03903409693199569,0.013935655955244253,0.03903409693199569,True,8000,7606.263196546597,0.06366360099676574,0.9775050328259381,1.0,0.0
ETH,Low,5,0.05,push1h_rho0.25h,1.3984464564792309e-05,0.009521650195274078,0.0,0.00027968929129632594,0.0,0.001398446456492691,0.00022761937658234612,6e-05,3.4639976905304086e-05,2.1090896986875052e-05,0.039034190926988864,0.013984464564926911,0.039034190926988864,True,8000,7606.263196546597,0.06366360099676574,0.9775847471633285,1.0,0.25
ETH,Low,5,0.05,push1h_rho1h,1.467702847408827e-05,0.00991710861891748,0.0,0.00029354056948226827,0.0,0.0014677028474229371,0.00020740055271502783,6e-05,3.4639976905304086e-05,2.8011250634563112e-05,0.04012491394013577,0.014677028474229371,0.04012491394013577,True,8000,7606.263196546597,0.06637435051762819,0.9821913900951704,1.0,1.0
ETH,Low,5,0.05,push1h_rho4h,1.9367459352692398e-05,0.016007168343025912,0.0,0.00038734918705451114,0.00019658976679178447,0.0018911150820847787,0.00014931703387904748,0.00018,5.999459975697813e-05,3.1965716930648647e-05,0.04279437823386928,0.018911150820847787,0.04279437823386928,True,8000,7606.263196546597,0.06256046935742593,0.988143334706086,1.0,4.0
ETH,Low,5,0.05,push1.5h_rho0h,1.486331794152817e-05,0.010582796965383879,0.0,0.00029726635883107333,1.3575483122885145e-05,0.001485878686614292,0.00021164416685813086,8e-05,3.999839996799872e-05,8.040684237298201e-05,0.04014622795408463,0.01485878686614292,0.04014622795408463,True,8000,7606.263196546597,0.06637435051762819,0.9764163619826343,1.5,0.0
ETH,Low,5,0.05,push1.5h_rho0.25h,1.4866470444984048e-05,0.010582796965383879,0.0,0.00029732940890019104,1.3575483122885145e-05,0.0014861939369598827,0.00021151098667437977,8e-05,3.999839996799872e-05,8.040684237298201e-05,0.04014622795408463,0.014861939369598827,0.04014622795408463,True,8000,7606.263196546597,0.06637435051762819,0.9764215385297766,1.5,0.25
ETH,Low,5,0.05,push1.5h_rho1h,1.5287210791591445e-05,0.010978255389027282,0.0,0.0003057442158323534,2.798732332218723e-05,0.001527018673607471,0.00019911175671943735,8e-05,3.999839996799872e-05,8.897440678312662e-05,0.04119561756321312,0.01527018673607471,0.04119561756321312,True,8000,7606.263196546597,0.06637435051762819,0.9765097936846495,1.5,1.0
ETH,Low,5,0.05,push1.5h_rho4h,1.8969355715485395e-05,0.016415808714124094,0.0,0.00037938711431035715,0.00019130805589658478,0.001853102359032822,0.00014470756066946127,0.00036,8.4837538861049e-05,0.0001568533311143705,0.04540186726378579,0.01853102359032822,0.04540186726378579,True,8000,7606.263196546597,0.06199333766734494,0.9838051653539892,1.5,4.0
ETH,Low,5,0.05,push3h_rho0h,1.597600984116309e-05,0.01152530620840066,0.0,0.00031952019682380883,7.078230889664786e-05,0.0015932945759964537,0.00017691511015092336,0.00022,6.632519883121347e-05,0.000184201307460663,0.042601062261535434,0.015932945759964536,0.042601062261535434,True,8000,7606.263196546597,0.06637435051762819,0.9777467983070223,3.0,0.0
ETH,Low,5,0.05,push3h_rho0.25h,1.597600984116309e-05,0.01152530620840066,0.0,0.00031952019682380883,7.078230889664786e-05,0.0015932945759964537,0.00017691511015092336,0.00022,6.632519883121347e-05,0.000184201307460663,0.042601062261535434,0.015932945759964536,0.042601062261535434,True,8000,7606.263196546597,0.06637435051762819,0.9777467983070223,3.0,0.25
ETH,Low,5,0.05,push3h_rho1h,1.614390720785147e-05,0.011920764632044063,0.0,0.00032287814415758227,8.784104464361434e-05,0.0016067029427559339,0.0001736706671225529,0.0002,6.323922833178785e-05,0.00018486028331821114,0.04145884155031323,0.01606702942755934,0.04145884155031323,True,8000,7606.263196546597,0.06637435051762819,0.9790505818248115,3.0,1.0
ETH,Low,5,0.05,push3h_rho4h,2.179460314572091e-05,0.0170749060868631,0.0,0.0004358920629151656,0.00019658976679178447,0.002119226983549985,0.00013363409140309575,0.00038,8.716141348096644e-05,5.89874903969001e-05,0.04507344917456761,0.02119226983549985,0.04507344917456761,True,8000,7606.263196546597,0.0641678620644144,0.991158216330717,3.0,4.0
