資產,鏈上分級,分級,情境,現值 L,現值 m,現值 ES99,現值 年破產,現值 最小保險庫,建議 L,建議 m,建議 ES99,建議 年破產,建議 最小保險庫
BTC,High,Low,current,5,0.05,0.0007535196384570747,2e-05,0.031025753016017784,5,0.05,0.0007535196384570747,2e-05,0.031025753016017784
BTC,High,Low,improved,5,0.05,0.0007786105080838254,2e-05,0.028522199468695785,5,0.05,0.0007786105080838254,2e-05,0.028522199468695785
BTC,High,Mid,current,2,0.05,4.225088171074609e-09,0.0,4.2250881710746085e-08,2,0.05,4.225088171074609e-09,0.0,4.2250881710746085e-08
BTC,High,Mid,improved,2,0.05,2.5247612874052706e-10,0.0,2.5247612874052705e-09,2,0.05,2.5247612874052706e-10,0.0,2.5247612874052705e-09
BTC,High,High,current,1,0.05,0.0,0.0,0.0,1,0.05,0.0,0.0,0.0
BTC,High,High,improved,1,0.05,0.0,0.0,0.0,1,0.05,0.0,0.0,0.0
ETH,Low,Low,current,5,0.05,0.0016467821779951304,6e-05,0.03520698887299025,5,0.05,0.0016467821779951304,6e-05,0.03520698887299025
ETH,Low,Low,improved,5,0.05,0.0012041523377440183,0.0,0.02172653984293981,5,0.05,0.0012041523377440183,0.0,0.02172653984293981
ETH,Low,Mid,current,2,0.05,7.807946688159158e-06,0.0,0.0008914456133149895,2,0.05,7.807946688159158e-06,0.0,0.0008914456133149895
ETH,Low,Mid,improved,2,0.05,0.0,0.0,0.0,2,0.05,0.0,0.0,0.0
ETH,Low,High,current,1,0.05,0.0,0.0,0.0,1,0.05,0.0,0.0,0.0
ETH,Low,High,improved,1,0.05,0.0,0.0,0.0,1,0.05,0.0,0.0,0.0
AAPL,Low,Low,current,5,0.05,0.00083497833602525,0.00854,0.1178604813301838,4,0.1,0.0002836126766900078,0.00068,0.0447574566867999
AAPL,Low,Low,improved,5,0.05,0.0011061881547953006,0.01038,0.09426847534853292,5,0.15,0.0007465859142116127,0.00026,0.013924998455809265
AAPL,Low,Mid,current,2,0.05,9.031201205190129e-07,0.0,9.031201205190128e-06,2,0.05,9.031201205190129e-07,0.0,9.031201205190128e-06
AAPL,Low,Mid,improved,2,0.05,4.989022950983085e-07,0.0,4.989022950983085e-06,2,0.05,4.989022950983085e-07,0.0,4.989022950983085e-06
AAPL,Low,High,current,1,0.05,0.0,0.0,0.0,1,0.05,0.0,0.0,0.0
AAPL,Low,High,improved,1,0.05,0.0,0.0,0.0,1,0.05,0.0,0.0,0.0
TSLA,High,Low,current,5,0.05,0.008659793509679523,0.12016,0.31749000397569865,1,0.05,6.894409942829772e-06,2e-05,0.006457938714832231
TSLA,High,Low,improved,5,0.05,0.0070649515650526625,0.04556,0.27409031259316574,1,0.05,1.677540015475216e-05,0.0,0.011763758569632965
TSLA,High,Mid,current,2,0.05,0.0009567631722866874,0.01244,0.1501097037324452,1,0.05,4.5580937317220503e-07,0.0,4.55809373172205e-06
TSLA,High,Mid,improved,2,0.05,0.0006845411181781105,0.01198,0.12999664630696,1,0.05,5.284450059634422e-06,0.0,0.0027525714645443436
TSLA,High,High,current,1,0.05,2.242833142562139e-05,0.0,0.014313583309450624,1,0.05,2.242833142562139e-05,0.0,0.014313583309450624
TSLA,High,High,improved,1,0.05,2.4645723023641486e-05,0.00078,0.002818192999825005,1,0.05,2.4645723023641486e-05,0.00078,0.002818192999825005
