資產,L,總波動 σ,GBM 封閉解,Merton MC,Merton 標準誤
BTC,1,0.4734,0.0,0.0,0.0
BTC,2,0.4734,9.989819710497116e-128,0.0,0.0
BTC,5,0.4734,8.055182461085506e-11,0.0,0.0
ETH,1,0.6486,0.0,0.0,0.0
ETH,2,0.6486,7.087450998070873e-69,0.0,0.0
ETH,5,0.6486,2.175721256227342e-06,0.00010188483222602589,3.993048958515346e-05
AAPL,1,0.296,0.0,0.0,0.0
AAPL,2,0.296,4.947682865301998e-224,0.0,0.0
AAPL,5,0.296,5.478041461667375e-18,0.00030000000000065104,7.070007072132243e-05
TSLA,1,0.5934,0.0,0.0,0.0
TSLA,2,0.5934,4.136069542294441e-57,0.0,0.0
TSLA,5,0.5934,1.7188460767271226e-05,0.001050000756816269,0.00013221809624159399
