參數,基礎設施,現值,建議,依據
sBTC 槓桿上限（High）,現況,1x,1x,現值：ES99 0.000% OI、年破產 0.000%、最小保險庫 0.00% OI
sBTC MMR,現況,500 bps,500 bps,建議值：ES99 0.000% OI、最小保險庫 0.00% OI
sBTC 槓桿上限（High）,改善後,1x,1x,現值：ES99 0.000% OI、年破產 0.000%、最小保險庫 0.00% OI
sBTC MMR,改善後,500 bps,500 bps,建議值：ES99 0.000% OI、最小保險庫 0.00% OI
sETH 槓桿上限（Low）,現況,5x,5x,現值：ES99 0.165% OI、年破產 0.006%、最小保險庫 3.52% OI
sETH MMR,現況,500 bps,500 bps,建議值：ES99 0.165% OI、最小保險庫 3.52% OI
sETH 槓桿上限（Low）,改善後,5x,5x,現值：ES99 0.120% OI、年破產 0.000%、最小保險庫 2.17% OI
sETH MMR,改善後,500 bps,500 bps,建議值：ES99 0.120% OI、最小保險庫 2.17% OI
sAAPL 槓桿上限（Low）,現況,5x,4x,現值：ES99 0.083% OI、年破產 0.854%、最小保險庫 11.79% OI
sAAPL MMR,現況,500 bps,1000 bps,建議值：ES99 0.028% OI、最小保險庫 4.48% OI
sAAPL 槓桿上限（Low）,改善後,5x,5x,現值：ES99 0.111% OI、年破產 1.038%、最小保險庫 9.43% OI
sAAPL MMR,改善後,500 bps,1500 bps,建議值：ES99 0.075% OI、最小保險庫 1.39% OI
sTSLA 槓桿上限（High）,現況,1x,1x,現值：ES99 0.002% OI、年破產 0.000%、最小保險庫 1.43% OI
sTSLA MMR,現況,500 bps,500 bps,建議值：ES99 0.002% OI、最小保險庫 1.43% OI
sTSLA 槓桿上限（High）,改善後,1x,1x,現值：ES99 0.002% OI、年破產 0.078%、最小保險庫 0.28% OI
sTSLA MMR,改善後,500 bps,500 bps,建議值：ES99 0.002% OI、最小保險庫 0.28% OI
推價間隔 Δ_p,—,cron 15 分（實測 68–169 分，平均約 90 分）,≤ 3 分（固定、常駐 keeper；偏離 0.1% 即推）,陳舊價套利損益兩平 a* 最小 7.0 分（鏈上分級費率；取一半留餘裕）；單看壞帳目標，可行的最大間隔為 180 分
清算檢查（清算人反應）,—,無清算 bot（只有前端手動）,常駐清算 bot，每次推價後立即檢查,壞帳目標下可行的最大平均反應時間（Δ_p = 180 分）：240 分
maxPriceAge（exchange）,現況,6 h（原始碼預設 24 h）,3 h,必須 > 實測最長推價間隔 169 分，否則正常運作就 revert；再長只會擴大陳舊價套利。keeper 停擺超過 3 h（2026-09-30 曾 4.5 h）時開平倉與清算都會暫停（fail-closed）
maxPriceAge（exchange）,改善後,6 h,7 分,常駐 keeper 每分鐘推價；上限取陳舊價套利損益兩平時間 a*，keeper 停擺時寧可停止交易（fail-closed）
清算人獎勵,—,5%（constant）,5%（維持）,改動要重新部署；closeAmount ≤ 0 時清算人拿 0，壞帳倉位沒有誘因，必須靠協議自營 bot
保險庫分配（liquidationPenaltyBps）,—,20%,20%（維持）,ETH 5x、u₀=5% 時，滿足年破產 < 0.1% 的最小比例是 0%（尾端由單日跳空主導，罰金收入幫助有限）；提高比例可降低所需保險庫：0% → 4.5%、20% → 2.7%、95% → 1.4% of OI
