資產,L,分級,u0/OI,年破產（MC）,年破產（單日近似）,Lundberg 上界
BTC,1,High,0.0025,0.0,0.0,0.0
BTC,1,High,0.005,0.0,0.0,0.0
BTC,1,High,0.01,0.0,0.0,0.0
BTC,1,High,0.02,0.0,0.0,0.0
BTC,1,High,0.03,0.0,0.0,0.0
BTC,1,High,0.05,0.0,0.0,0.0
BTC,1,High,0.1,0.0,0.0,0.0
BTC,1,High,0.2,0.0,0.0,0.0
BTC,5,Low,0.0025,0.10132,0.11001587875849728,0.6980891551871782
BTC,5,Low,0.005,0.06794,0.0724844501698344,0.48732846858994816
BTC,5,Low,0.01,0.03334,0.03347011009654932,0.2374890362982241
BTC,5,Low,0.02,0.00936,0.007796631713276603,0.0564010423618592
BTC,5,Low,0.03,0.0024,0.0015972684629252942,0.01339462919673326
BTC,5,Low,0.05,0.00012,4.9768661781857126e-05,0.000755471048746348
BTC,5,Low,0.1,0.0,0.0,5.707365054939068e-07
BTC,5,Low,0.2,0.0,0.0,3.257401587033963e-13
ETH,5,Low,0.0025,0.0546,0.05575910046044019,0.755008009880454
ETH,5,Low,0.005,0.03668,0.03750911250337752,0.5700370949836437
ETH,5,Low,0.01,0.01936,0.018941486894333726,0.3249422896573917
ETH,5,Low,0.02,0.00578,0.0050627227245275686,0.10558749160778826
ETH,5,Low,0.03,0.00156,0.0012375863910413232,0.03430984128221534
ETH,5,Low,0.05,0.00012,0.0001331760136258353,0.003622690078450458
ETH,5,Low,0.1,0.0,1.2484781750643492e-06,1.3123883404503386e-05
ETH,5,Low,0.2,0.0,0.0,1.722363156149994e-10
AAPL,5,Low,0.0025,0.12586,0.15552880378721767,1.0
AAPL,5,Low,0.005,0.09132,0.10022922008113944,1.0
AAPL,5,Low,0.01,0.06016,0.06275550058092416,1.0
AAPL,5,Low,0.02,0.03286,0.033302129137226966,1.0
AAPL,5,Low,0.03,0.01884,0.018979594309553427,1.0
AAPL,5,Low,0.05,0.00746,0.007146413528673512,1.0
AAPL,5,Low,0.1,0.00074,0.0005192203760772118,1.0
AAPL,5,Low,0.2,0.0,0.0,1.0
TSLA,1,High,0.0025,0.0018,0.001955298248087045,1.0
TSLA,1,High,0.005,0.00124,0.001236813582413565,1.0
TSLA,1,High,0.01,0.00092,0.0009816478344617519,1.0
TSLA,1,High,0.02,0.00052,0.0005094577326395511,1.0
TSLA,1,High,0.03,0.00052,0.0005014255545569002,1.0
TSLA,1,High,0.05,0.0003,0.0002609445899321994,1.0
TSLA,1,High,0.1,0.0003,0.0002531451382903338,1.0
TSLA,1,High,0.2,0.0,8.013574752552266e-06,1.0
TSLA,5,Low,0.0025,0.3,1.0,1.0
TSLA,5,Low,0.005,0.27164,0.393835092877453,1.0
TSLA,5,Low,0.01,0.23834,0.3012482975175508,1.0
TSLA,5,Low,0.02,0.1964,0.22587314627838817,1.0
TSLA,5,Low,0.03,0.16532,0.18868251692861748,1.0
TSLA,5,Low,0.05,0.11316,0.12179120138536648,1.0
TSLA,5,Low,0.1,0.04584,0.04204915875877424,1.0
TSLA,5,Low,0.2,0.00892,0.0071831203798744525,1.0
