資產,分級費率,f,陳舊小時,edge,p_profitable,mean_abs_move
BTC,High,0.01,0.08333333333333333,4.3313088225905086e-06,0.0003175,0.0010488848192350742
BTC,High,0.01,0.25,1.3441766697872293e-05,0.0009375,0.0018283916884565814
BTC,High,0.01,0.5,2.56290080338602e-05,0.0019675,0.0026093226931367132
BTC,High,0.01,1.0,5.397914041699741e-05,0.0038225,0.0037320497309912565
BTC,High,0.01,1.5,8.340440043114033e-05,0.00639,0.00459842042857704
BTC,High,0.01,2.83,0.00018253276521275832,0.0194075,0.00638514408628437
BTC,High,0.01,6.0,0.0006742209325859335,0.0905275,0.009462961118284999
BTC,Low,0.001,0.08333333333333333,8.132758160498405e-05,0.1222,0.001045426679994674
BTC,Low,0.001,0.25,0.000498717218538097,0.373255,0.0018312264715429733
BTC,Low,0.001,0.5,0.001096930644622319,0.53027,0.0026114157333139015
BTC,Low,0.001,1.0,0.002076464861872961,0.6588575,0.0037305604777755695
BTC,Low,0.001,1.5,0.0028806918437358207,0.7185625,0.004596864822311996
BTC,Low,0.001,2.83,0.004611170945518732,0.795555,0.006404936451128702
BTC,Low,0.001,6.0,0.007588245020799525,0.861175,0.009449024066569202
ETH,Low,0.001,0.08333333333333333,0.00023647677271795768,0.249575,0.001408050519454118
ETH,Low,0.001,0.25,0.000973260925277793,0.5071125,0.0024636987090428876
ETH,Low,0.001,0.5,0.0018937877226986647,0.6398175,0.003526341222564897
ETH,Low,0.001,1.0,0.003289240164547781,0.7418,0.0050288323791902335
ETH,Low,0.001,1.5,0.00441664137789913,0.7887675,0.006203676814886221
ETH,Low,0.001,2.83,0.006824430497775321,0.8475575,0.008671902108220159
ETH,Low,0.001,6.0,0.010977137911430693,0.896505,0.012873311390239662
AAPL,Low,0.001,0.08333333333333333,0.00030955161733746243,0.30407,0.0015542797378796486
AAPL,Low,0.001,0.25,0.0011671444826884135,0.55292,0.0027059798304412833
AAPL,Low,0.001,0.5,0.0021650207940829207,0.6747775,0.0038350799999054687
AAPL,Low,0.001,1.0,0.0036681892390093957,0.7668425,0.005433716267613063
AAPL,Low,0.001,1.5,0.004875288908998425,0.80988,0.006683738541679398
AAPL,Low,0.001,2.83,0.00733492986242667,0.8596625,0.009194845641686442
AAPL,Low,0.001,6.0,0.01163055404196961,0.9042525,0.01353496995114311
TSLA,High,0.01,0.08333333333333333,8.963509893180062e-06,6.25e-05,0.0031743671228202687
TSLA,High,0.01,0.25,3.4168359919147785e-05,0.00389,0.005514151267987479
TSLA,High,0.01,0.5,0.00019338943750924788,0.0404475,0.007840421776676655
TSLA,High,0.01,1.0,0.0009929222633792143,0.146855,0.011086448895813962
TSLA,High,0.01,1.5,0.002100787457206687,0.236175,0.01362136886905341
TSLA,High,0.01,2.83,0.005226956628117092,0.38819,0.018736192894038137
TSLA,High,0.01,6.0,0.012033404541621728,0.5543925,0.027445991344965767
TSLA,Low,0.001,0.08333333333333333,0.0015697629975665634,0.6149975,0.0031765527562423552
TSLA,Low,0.001,0.25,0.0037572862556892075,0.771715,0.0055281853473966545
TSLA,Low,0.001,0.5,0.005993194498700323,0.8379475,0.007830735788212254
TSLA,Low,0.001,1.0,0.009194880176131013,0.8847875,0.01107933525041977
TSLA,Low,0.001,1.5,0.011719778127065577,0.90579,0.013625089619498092
TSLA,Low,0.001,2.83,0.016865372903424155,0.931,0.018796108787960487
TSLA,Low,0.001,6.0,0.025521799922648396,0.953705,0.0274755317519402
